content,device,like,rcount,ctime,avatar,level,sex,sign,uname,mid,oid,diag
djiï¼Œyesï¼,,59,5,,http://i2.hdslb.com/bfs/face/c1bfc931e523c78e765ed2a9685483014ba40559.jpg,4,ä¿å¯†,"è¯žç”ŸäºŽæŠ—æ—¥çƒ½ç«ä¹‹ä¸­ï¼Œå´›èµ·äºŽæ°‘æ—å¤å…´ä¹‹æ—¶ã€‚
é™æ€ç¬ƒè¡Œï¼ŒæŒä¸­ç§‰æ­£ã€‚

æŠ•ç¨¿é‚®ç®±ï¼š1213615533@qq.com
åˆä½œè¯·åŠ ï¼šLuwis61",æ±Ÿè¥¿å¸ˆèŒƒå¤§å­¦,487631896,842473459,åŽŸè¯„è®º
å…¬å·ç§ç”¨ï¼Ÿ,,3,0,,http://i0.hdslb.com/bfs/face/ef80bde4f75a819ada14be34ba8842c7ee824b79.jpg,4,ä¿å¯†,,è‹¥æœˆæž«,274910604,842473459,åŽŸè¯„è®º
æ±Ÿè¥¿å¸ˆèŒƒæƒŠäº†[doge],,0,0,,http://i1.hdslb.com/bfs/face/27c3f49ab5cd8cfd6ead8697d88f00e34987e103.jpg,4,ä¿å¯†,è¥¿ç“œï¼Œçˆ±å¥½æ‘„å½±  insï¼šzwx598890236,CaptainGoodguy,2399917,842473459,åŽŸè¯„è®º
DJI YYDS,,0,0,,http://i1.hdslb.com/bfs/face/9df780ceb56bd4dd51f25ebaaf94606305ddaaa1.jpg,5,ä¿å¯†,,nothingllam,267387088,842473459,åŽŸè¯„è®º
SCå¯ä»¥åŠ é’±å‡çº§å—,,29,11,,http://i1.hdslb.com/bfs/face/a6d82fc35a45adfd40eb8f82436ecf26e84d4f41.jpg,5,ç”·,ä¸€åæœ´å®žæ— åŽä¸”æž¯ç‡¥çš„æ•°ç ç§‘æŠ€ç‹—,ç±½ç±½çˆ±åˆ†äº«,321981297,842473459,åŽŸè¯„è®º
ä½ å¥½ï¼Œscå¯ä»¥æ¥æˆ‘è¿™é‡Œæ¢ä¸€ä¸ªä¸é”ˆé’¢è„¸ç›†,,12,0,,http://i0.hdslb.com/bfs/face/member/noface.jpg,4,ä¿å¯†,,åå¤„ç†å™¨,3526415,842473459,åŽŸè¯„è®º
åŒé—®,,3,0,,http://i1.hdslb.com/bfs/face/b172bfe14bdcc4c2aa55f0014201cf707167ff99.jpg,5,ä¿å¯†,æ­ªã•ã‚“  ,è¨€ä¸ºè‹¥ç”Ÿ,176856458,842473459,åŽŸè¯„è®º
"å¯ä»¥çš„, æŠµæ‰£500å—é’±, è¿˜å¾—æ˜¯æˆè‰²æœ€å¥½çš„~ è¿™å°±æ˜¯å®˜æ–¹ç½®æ¢æ‰€è°“çš„",,1,0,,http://i2.hdslb.com/bfs/face/bc4136ef814f4b73ddb1a235b4ecdf31802db1d3.jpg,4,ç”·,æ‘„å½±~æ‘„åƒ~èˆªæ‹~å»¶æ—¶~å‰ªè¾‘~è°ƒè‰²  æ ·æ ·ä¸ç²¾..,Iytoa2899,268853216,842473459,åŽŸè¯„è®º
æœ‰äººæ‹¼å•å—ï¼Ÿ135æˆ‘ç”¨ï¼Œ246ä½ ç”¨ï¼Œå› ä¸ºæˆ‘æ˜¯å‘èµ·è€…ï¼Œæ‰€ä»¥æˆ‘å¤šç”¨ä¸€å¤©å‘¨æ—¥,,23,2,,http://i2.hdslb.com/bfs/face/0651f2731ea63b13ea369636537624cd08245ca9.jpg,5,ä¿å¯†,,è´¥ç¬”ç»˜é’çƒŸ,7280336,842473459,åŽŸè¯„è®º
ä¸€èµ·åƒç°,,0,0,,http://i0.hdslb.com/bfs/face/646b987ad6ee98ed3d9a23f1f659b664395b2cbd.jpg,5,ç”·,,çƒ¦æ¼è´,94702893,842473459,åŽŸè¯„è®º
ç‰›æ‰¹[è¾£çœ¼ç›],,0,0,,http://i1.hdslb.com/bfs/face/e297093af7c5c4bf4cb321c0034f328272162cf4.jpg,5,ä¿å¯†,è§‚å¤©ä¸‹ï¼Œçºµå¤ä»Šï¼Œå„’é‡Šé“æ–¹ä¸ºè§£å†³ä¹‹é“ã€‚,å…¥ä¸–-å‡ºä¸–,86874768,842473459,åŽŸè¯„è®º
Osmo action2å‘¢,phone,16,1,,http://i2.hdslb.com/bfs/face/a7de9a60ff12cd07a818d872fedcf9859c77c276.jpg,5,ç”·,æ„£ç€å•Šï¼ç‚¹èµžå¹²å•¥ã€‚ã€‚ã€‚,æ”¾å­¦å’Œæˆ‘åŽ»å°å–éƒ¨,223083754,842473459,åŽŸè¯„è®º
æ²¡æœ‰äº†[å¤§å“­],,0,0,,http://i2.hdslb.com/bfs/face/3a8a822ed1f7134804ec34070cbdf989af056c8b.jpg,3,ä¿å¯†,"ä¸€ç›´è—äºŽäººåŽçš„æŠ€æœ¯å®…
å¹³å‡¡çš„å‡ºèº«ï¼Œåšç€ä¸€äº›ä¸å¹³å‡¡çš„äº‹æƒ…
è®²è¿°æˆ‘çš„100ä¸ªæ•…äº‹
æ„¿æˆ‘ä»¬ä¸è´Ÿé‡è§",å‡Œäº‘çº¯å±žå¥‡è¿¹,477314092,842473459,åŽŸè¯„è®º
è·Ÿæˆ‘ä¸€èµ·å–Šï¼ï¼DJI YESï¼ï¼[å¦™å•Š][å¦™å•Š],,10,0,,http://i0.hdslb.com/bfs/face/c1a52d43dd33fa272873fe96f9cfc6cce178f0a9.jpg,4,ä¿å¯†,,é¡¾æŸšæŸšæŸš,34276031,842473459,åŽŸè¯„è®º
[doge]æœºç”²å¤§å¸ˆäº‘å°è”åæ¬¾,,9,0,,http://i1.hdslb.com/bfs/face/6b21708370377b0fe3d022b3d6d08d6b5ba27795.jpg,5,ç”·,aoliliveä¸€æœŸç”Ÿï¼Œæ°¸è¿œçˆ±ä½ ä»¬çš„è…°æžœé…±ï¼,è…°æžœé…±Offical,76103850,842473459,åŽŸè¯„è®º
è¡è¡è¡ï¼ŒDJIï¼ŒYes,phone,3,0,,http://i2.hdslb.com/bfs/face/23001b465ea411e16c678191538f3c1e559fd049.jpg,5,ä¿å¯†,"è¿™ä¸ªäººä¸€ç‚¹éƒ½ä¸æ‡’
",æˆ‘ä»€éº¼æ™‚å€™åˆ°å…­ç´š,14943449,842473459,åŽŸè¯„è®º
æœ¬æ¥å·®ç‚¹å’¸é±¼ä¹°1399çš„ä¸€ä»£å°¾è´§äº†ï¼ŒçŽ°åœ¨â€¦â€¦å†è§‚æœ›è§‚æœ›å§ï¼Œè¦ä¹ˆå’¬å’¬ç‰™äºŒä»£è¦ä¹ˆä¸€ä»£æ•´ä¸ª999æ¨ªç«–ä¸äº[å–œæžè€Œæ³£],,5,5,,http://i1.hdslb.com/bfs/face/01cc067cf56d4921ae37158dcbc6cf80541e8d79.jpg,5,ç”·,è¿™ä¸ªäººæ‡’æ­»äº†ï¼Œå°±å†™äº†è¿™ä¹ˆä¸€ç‚¹(ï½¡ï½¥Ï‰ï½¥ï½¡)ï¾‰,gqwlhjå…¨å®¶æ¡¶,192892896,842473459,åŽŸè¯„è®º
1399æœ‰äº†ï¼Ÿæˆ‘2åƒå…¥çš„äºŒæ‰‹,,1,0,,http://i1.hdslb.com/bfs/face/62d63c07618abf3da33a74b6c24643b869e0fd75.jpg,4,ç”·,,starpc,96290445,842473459,åŽŸè¯„è®º
å›žå¤ @starpc :å’¸é±¼éšä¾¿æœæœå°±æœ‰ï¼Œå…¨æ–°æœªæ¿€æ´»çš„ã€‚å†è¯´æŸå®çŽ°åœ¨ä¹Ÿåªå–1699å•Š,phone,0,0,,http://i1.hdslb.com/bfs/face/01cc067cf56d4921ae37158dcbc6cf80541e8d79.jpg,5,ç”·,è¿™ä¸ªäººæ‡’æ­»äº†ï¼Œå°±å†™äº†è¿™ä¹ˆä¸€ç‚¹(ï½¡ï½¥Ï‰ï½¥ï½¡)ï¾‰,gqwlhjå…¨å®¶æ¡¶,192892896,842473459,åŽŸè¯„è®º
å›žå¤ @Stevenç¡ä¸é†’ :ä¸ç”¨æ‰‹æœºçš„æ™ºèƒ½è·Ÿéšï¼ˆå¥½åƒï¼‰,,0,0,,http://i1.hdslb.com/bfs/face/d777b92cc3e3ec5c681e390a1f4848fa17121daf.jpg,4,ç”·,ä¸è¦å®³æ€•è·¯ä¸Šä¼šå‡ºçŽ°ä»€ä¹ˆï¼Œå®³æ€•çš„è¯å°±æ— æ³•å¾€å‰èµ°ã€‚åªè¦è¸å‡ºè„šæ­¥ï¼Œè‡ªç„¶èƒ½å¤Ÿèµ°å‡ºé“è·¯ã€‚,å­¤å­¤å•å•å°å½©åŠ ,483642332,842473459,åŽŸè¯„è®º
å¥½å®¶ä¼™ï¼Œå°±å·®é’±äº†[doge],,5,0,,http://i2.hdslb.com/bfs/face/bd9eacabbfc13220d51523096bcdb27ef248b1ec.jpg,4,ä¿å¯†,æ˜”æˆ‘å¾€çŸ£ï¼Œæ¨æŸ³ä¾ä¾ã€‚ä»Šæˆ‘æ¥æ€ï¼Œé›¨é›ªéœéœã€‚,é’è—¤é—¨å®¢,128424708,842473459,åŽŸè¯„è®º
å¤§ç–†çš„æ–°ä¸€è½®é©å‘½  å¼€å§‹äº†,,3,0,,http://i2.hdslb.com/bfs/face/a85b0b11e4bb2ba2b7e87f98f70f4687f3964a8f.jpg,4,ç”·,æˆ‘è¿˜æ²¡æœ‰æƒ³å¥½å«å•¥,é»‘æ¼†æ¼†çŽ›å¥‡æœµ,318912531,842473459,åŽŸè¯„è®º
æˆ‘ä¸Šä¸ªæœˆæ‰åˆšä¹°SCå•Š å¥½åŽæ‚”å•ŠðŸ˜­,phone,4,0,,http://i2.hdslb.com/bfs/face/da967233df7d9b195a75d7ec54ee73a3bc41969a.jpg,3,ç”·,I just want peace~,WUWUXD,270380437,842473459,åŽŸè¯„è®º
æŠŠ03å¼æ­¥æžªåŠ è£…åˆ°å¦‚å½±2ä¸Šï¼ˆåŠ è£…ä¸€å®šçš„è½¬æŽ¥å™¨å¯ä»¥å˜æˆä¸€ä¸ªé¥æŽ§ç«åŠ›ç‚¹ï¼Œå¦‚æžœæŠŠè¿™ä¸€å¥—åŠ åˆ°M600Proä¸Šï¼Œé‚£å°±å˜æˆäº†ç©ºä¸­ç«åŠ›ç‚¹ï¼Œä½ ä¹Ÿæ‰“ä¸ä¸‹äº†ï¼ˆé£žé«˜ä¸€ç‚¹ï¼‰ï¼Œå¦‚æžœå¯¹é€šè®¯æ¨¡å—å‡çº§åˆ°å†›ç”¨çš„é‚£å°±ç‰›æ‰¹äº†ï¼Œå¤§ç–†å®Œå…¨å¯ä»¥å˜æˆå†›ç«å•†å•Š,phone,2,0,,http://i1.hdslb.com/bfs/face/1bce9623507443a5a4e4d0d8414c3191ab2e6cec.jpg,3,ä¿å¯†,"ä¸èµ·åå­—
æ‡’å¾—èµ·å
å¯¹å°±è¿™æ ·",æˆ‘çœŸçš„ä¸æƒ³èµ·åå­—-,526812442,842473459,åŽŸè¯„è®º
å‰æŽ’å‰æŽ’å‰æŽ’ï¼,,2,0,,http://i1.hdslb.com/bfs/face/e06a2567fb66c3fe020c05852d0c681b7e9cf4f3.jpg,5,ä¿å¯†,"é“¶æ²³å…ˆç”Ÿä»Šæ—¥å‡ºç‰‡äº†å—ï¼Ÿ
...( ï¼¿ ï¼¿)ãƒŽï½œ",SeverusÂ·,11639917,842473459,åŽŸè¯„è®º
NB,,2,0,,http://i1.hdslb.com/bfs/face/1f7c82aa6c40b638b59b05bb858f7477c1b511e7.jpg,4,ç”·,"è¯„è®ºåŒºupä¸»
æŠ½å¥–åŒºéžæ´²äºº
å¤©å¤©æ™šä¸Šç›´æ’­çŽ©æ¸¸æˆçš„å’¸é±¼
æ—¢ç„¶çœ‹è§äº†ï¼Œè¦ä¸ï¼Œç‚¹ä¸ªå…³æ³¨ï¼Ÿ
",æœªèƒ½åŠæ—¶è„±è´«çš„ç¡¬éª¨å¤´,302549118,842473459,åŽŸè¯„è®º
ç‰›å“”,,1,0,,http://i0.hdslb.com/bfs/face/1cb536d2954e07de005b71da5dfe51d5d359fff9.jpg,6,ç”·,ä½ æ°¸è¿œä¸çŸ¥é“æˆ‘æ˜¯å•¥upä¸»ï¼Œæ­£æ‰€è°“æœ¯ä¸šæ— ä¸“æ”»,ä¸¶å¤æ´›ç‰¹,2598310,842473459,åŽŸè¯„è®º
å¦‚å½±såœ¨å“­äº†,,1,0,,http://i2.hdslb.com/bfs/face/5d56a295ae20571eac920f8e5b30e6762e62c479.jpg,5,ç”·,æ²¡é”™ï¼Œä½ èƒ½åœ¨ä»»ä½•ä¸€ä¸ªåŒºçœ‹è§å‡ç›¾ï¼Œçœ‹è§å°±å…³æ³¨ä¸€ä¸‹å§,å¸ƒè‹¹å¾·ç¥žç›¾,73803480,842473459,åŽŸè¯„è®º
[tv_doge]å¦‚å½±Sæ¢è´­RSC2å¯ä»¥å—,,1,0,,http://i2.hdslb.com/bfs/face/45d61faae94ebff314513f631a9f3f064e51fec1.jpg,6,å¥³,,å‚æœ¬ç¾Žç»ª,1569976,842473459,åŽŸè¯„è®º
çœŸä¸æˆ³ A5å¤§å°çœŸä¸æˆ³,,1,0,,http://i0.hdslb.com/bfs/face/2580d3f3d7de7250bc7951bba59189c3b82a3657.jpg,5,ä¿å¯†,,OctopusYu,7853811,842473459,åŽŸè¯„è®º
ç´¢å°¼24 105ä¹ˆ,phone,1,0,,http://i2.hdslb.com/bfs/face/1547411ad320f700d7fec959f1b86c0daa25b1dd.jpg,4,ä¿å¯†,,fanox,291746359,842473459,åŽŸè¯„è®º
çŽ°åœ¨é—®é¢˜æ¥äº†åˆ°åº•ä¹°RS2 è¿˜æ˜¯RSC2....,,1,1,,http://i2.hdslb.com/bfs/face/148667b4a1242cd8b6487c023fc23ea15a0e1b1d.jpg,3,ä¿å¯†,çŽ¯çƒå°å§ä¸Šæµ·èµ›åŒºå¯¼æ¼”,èŽ±æ™¶å¾·é›·,376364710,842473459,åŽŸè¯„è®º
rs2ä¸»è¦æ˜¯ä¸ºbmpcc6kè¿™ç§å‡†å¤‡çš„å§,,0,0,,http://i0.hdslb.com/bfs/face/8a13155acac4366c8c81d424889d1f5c1d76fc25.jpg,5,ä¿å¯†,å¥³è£…æ˜¯ä¸å¯èƒ½å¥³è£…çš„ï¼Œè¿™è¾ˆå­ä¸å¯èƒ½å¥³è£…çš„ã€‚,å‘¨æ—¥å°ç¼–æ‹’ç»å¥³è£…,74523692,842473459,åŽŸè¯„è®º
å¤§ç–†yyds,phone,1,0,,http://i1.hdslb.com/bfs/face/7d862dd4150eb34b63d438cf5d2323ca8ed0e6d9.jpg,5,ç”·,ä¸æƒ³è·Ÿå‚»å­å¯¹çº¿ï¼Œæˆ‘è¯„ä»·çš„å¾ˆç†æ€§å®¢è§‚,é£ŽçƒŸè®°,19636584,842473459,åŽŸè¯„è®º
æ„Ÿè§‰çŽ°åœ¨çš„ç¨³å®šå™¨å‘å±•å·²ç»åˆ°å¤´äº†~[doge],,1,2,,http://i0.hdslb.com/bfs/face/28bf10be6a6451884e2a5d4690c7d9f7efb57bec.jpg,4,ç”·,é¦–å¸­æ”»åŸŽç‹® é”®ç›˜ä¾  æ¬è¿å·¥~~~,NJå½±åƒè§†é‡Ž,322270163,842473459,åŽŸè¯„è®º
æ‹¿ç€ç¨³å®šå™¨ï¼Œè¹¦è¹¦è·³è·³éƒ½æœ‰ç¨³å®šæ•ˆæžœæ‰ç®—åˆ°å¤´,,1,0,,http://i0.hdslb.com/bfs/face/a265825f8ef47c74f95020880a9dbb0b695944ce.jpg,5,ç”·,æˆ‘æƒ³åŽ»æŽ‰â€œæˆ‘æ˜¯â€ä¸¤ä¸ªå­—,æˆ‘æ˜¯æ——é˜Ÿé•¿,598244,842473459,åŽŸè¯„è®º
æ²¡æœ‰åˆ°å¤´ è¿˜å·®çš„å¾ˆè¿œ,,0,0,,http://i2.hdslb.com/bfs/face/4eecb51056258134dd26cf0fef6e3e3cd5ce19a8.jpg,5,ä¿å¯†,ä»Žäº‹å„¿ç«¥æ‘„å½±æ‘„åƒå·¥ä½œ,æ¢¦å¯»é«˜å®¶åº„,255841421,842473459,åŽŸè¯„è®º
å·²å®‰æŽ’ï¼,,1,0,,http://i2.hdslb.com/bfs/face/3e6460f08c69b37a96a3e3eb3b770a98a6ca3ca4.jpg,5,ç”·,æœ‰ä¸€è¯´ä¸€ çœŸå®žæœ‰åŠ› ä»Žä¸æ”¾å± æ„Ÿè°¢è§‚çœ‹ä¸Žæ”¯æŒ,å¦‚æžœåªæ˜¯æŽå¤§åŒ,38375243,842473459,åŽŸè¯„è®º
å†²å†²å†²,,1,0,,http://i1.hdslb.com/bfs/face/7884dda9fd9f2d6a2596f9c9ec1ab2302619e5e6.jpg,3,ä¿å¯†,,æ–°æ™‹ç¤¾ä¼šå·¥å…·äºº,317473876,842473459,åŽŸè¯„è®º
æ€»ç®—ç­‰æ¥äº†,,1,0,,http://i2.hdslb.com/bfs/face/c7bc0c03da44c0db42d0b470c3444d9fa92dbce5.jpg,5,ç”·,å–œæ¬¢å¼¹å‰ä»–ï¼Œæ‰“ç¯®çƒçš„æ‘„å½±å¸ˆ,åº“é‡Œ23,179504943,842473459,åŽŸè¯„è®º
èƒ½æ­è½½bmpccåŠ ä¸€å †å¥—ä»¶å—,phone,1,0,,http://i0.hdslb.com/bfs/face/89b6ea8bf018b084b268acfabf8681aa31fa4476.jpg,5,ç”·,å¯¹å•¥éƒ½æ„Ÿé‚£ä¹ˆç‚¹å„¿å…´è¶£ã€‚è®°å½•æˆé•¿è·¯,èšå…‰å¤§ç¾½,271280096,842473459,åŽŸè¯„è®º
çˆ±äº†çˆ±äº†ï¼Œé’±æ²¡å‡†å¤‡å¥½ã€‚,phone,1,0,,http://i2.hdslb.com/bfs/face/ffc19681d437be9d64267e7dd2ec596d2fc9ff29.jpg,5,ä¿å¯†,å¤§å®¶å¹³èµ·å¹³åï¼Œè°åˆæ¯”è°é«˜è´µå‘¢ï¼Ÿ,å‘µå¾®ç°,3519480,842473459,åŽŸè¯„è®º
æˆ‘äº†ä¸ªåŽ»ï¼Œè¿™ä¸ªè®¾è®¡æœ‰ç‚¹6,phone,1,0,,http://i0.hdslb.com/bfs/face/89b6ea8bf018b084b268acfabf8681aa31fa4476.jpg,5,ç”·,å¯¹å•¥éƒ½æ„Ÿé‚£ä¹ˆç‚¹å„¿å…´è¶£ã€‚è®°å½•æˆé•¿è·¯,èšå…‰å¤§ç¾½,271280096,842473459,åŽŸè¯„è®º
è¿™ä¸ªæŠ˜å è®¾è®¡ç›´æŽ¥å°±å¯ä»¥æå£¶äº†å—ï¼Ÿçˆ±äº†çˆ±äº†,,0,0,,http://i0.hdslb.com/bfs/face/7e34802256495a1e1b9c10a59cb175f4880bda46.jpg,3,ä¿å¯†,,Då¼‚æŠ—åè¡€é…¸é“,383433292,842473459,åŽŸè¯„è®º
å·²ä¹°RSC2ï¼Œæµ‹è¯•ä¸­,,0,0,,http://i0.hdslb.com/bfs/face/488a66eb563dfba1e15ad52cf9ef975814b9bbfc.jpg,4,ç”·,æˆ‘æ˜¯æ¥å­¦ä¹ çš„,é­„æ¸¸è¯ä¸¸,32429961,842473459,åŽŸè¯„è®º
ç‰›é€¼,phone,0,0,,http://i1.hdslb.com/bfs/face/089e137e91e7deb14035e5a7504284d6a1aeef6f.jpg,5,ä¿å¯†,,å¯é²å¯æ´›,13287702,842473459,åŽŸè¯„è®º
å¤§ç–†ä¸€å¤©è¦å‘å¸ƒå‡ æ¡è§†é¢‘å•Šï¼Ÿè¿™æ˜¯æˆ‘ä»Šå¤©çœ‹çš„ç¬¬ä¸‰æ¡äº†,phone,0,0,,http://i2.hdslb.com/bfs/face/026e2f8dd83b63e9c584731e53e091b0eb24afaa.jpg,5,ä¿å¯†,,éžæ´²flag,71351613,842473459,åŽŸè¯„è®º
æˆ‘æƒ³è¦å…¨ç”»å¹…çš„Mavic 3,,0,0,,http://i0.hdslb.com/bfs/face/member/noface.jpg,4,ä¿å¯†,,coolfax,72603714,842473459,åŽŸè¯„è®º
è¿™è§†é¢‘çš„èŠ‚å¥æ„Ÿå¤ªæ£’äº†ï¼Œç‚«é…·ï¼,,0,0,,http://i2.hdslb.com/bfs/face/a2870227aafb9e1b93239d5951c7b5946b2f0d2e.jpg,6,ä¿å¯†,ç»å¸¸åƒåžƒåœ¾é£Ÿå“è„¸ä¸Šä¼šå‡ºçŽ°ä»€ä¹ˆï¼Ÿå½“ç„¶æ˜¯ç¬‘å®¹,æ˜€ã‚™ã‚™,1740947,842473459,åŽŸè¯„è®º
ç¨³å®šå™¨éƒ½å‘ä¿©äº†ï¼Œosmo pocket è¯¥å‡ºäºŒä»£äº†ä¹ˆ[å¤§å“­],phone,0,0,,http://i1.hdslb.com/bfs/face/9f18bfed7f2df80f756fe272ada43201db745bc0.jpg,4,ç”·,çžŽæ‹è€Œå·²,ä½Žè°ƒçš„å¹»æƒ³å®¶,294483627,842473459,åŽŸè¯„è®º
æœ‰æ‹å»¶æ—¶åŠŸèƒ½å—ï¼Ÿ,phone,0,0,,http://i1.hdslb.com/bfs/face/c1ae4bb3c6b7d1bc556adb73704a1e3f9686fb40.jpg,3,ä¿å¯†,å–œæ¬¢æœ¨è‰º æ•°ç æ‹ç…§æ—…æ¸¸,å¯ä¹æˆ’è¯š,392870026,842473459,åŽŸè¯„è®º
è‡‚åŠ›å¼ºåŠ²,,0,0,,http://i2.hdslb.com/bfs/face/0445f32321a98d8a45b90355809c4705a31a73c3.jpg,3,ä¿å¯†,ä¸è¿‡æ˜¯ä¸€ä¸ªå…´è¶£ä½¿ç„¶çš„æ‘„å½±å¸ˆã€‚,é£žè¡Œçš„ZDD,57463696,842473459,åŽŸè¯„è®º
æ‰‹é‡Œçš„scçªç„¶å°±ä¸é¦™äº†,,0,0,,http://i1.hdslb.com/bfs/face/8d9b568f177e38ae6276649bdcff1dbe4bd81cc4.jpg,5,ç”·,e_eâ€,åº”é˜™æ–¯æ±€,95251089,842473459,åŽŸè¯„è®º
ä¹°äº†æ²¡æ³•æ¿€æ´»[å¤§å“­],phone,0,0,,http://i0.hdslb.com/bfs/face/5d2c92beb774a4bb30762538bb102d23670ae9c0.gif,5,ä¿å¯†,,å•¥éƒ½çƒ¦,357410,842473459,åŽŸè¯„è®º
scåˆšä¹°æ²¡å¤šä¹…  ç¾¡æ…•äº†,,0,0,,http://i0.hdslb.com/bfs/face/201340d7280b57ce7d31a8c6916ce40c6d365b02.jpg,3,ä¿å¯†,,ä¸€åªå°é£žç›¸,382631677,842473459,åŽŸè¯„è®º
ä½•æ—¶å‘å¸ƒæ–°ä¸€ä»£æ— äººæœºï¼Ÿ,,0,0,,http://i0.hdslb.com/bfs/face/bfea91d51f89318c14d40202ed3e2b6c19dc3286.jpg,4,ä¿å¯†,"å›ã—ã‹æ„›ã—ã¦ã„ã¾ã›ã‚“~
o>_<o ã‚¤ãƒ¬ã‚¤ãƒŠ",ä¾æ¿‘,256417989,842473459,åŽŸè¯„è®º
å®‰æŽ’çš„ä½³èƒ½[å–œæžè€Œæ³£]æŽ’é¢,phone,0,0,,http://i2.hdslb.com/bfs/face/d7e98cdf384083e883d0abe257ef913b68cc3e08.jpg,5,ä¿å¯†,æµ·é²œæ£®çŽ‹å›½,æµ·é²œæ£®Haggi,16477661,842473459,åŽŸè¯„è®º
å›žç–†çš„è¯±æƒ‘,,0,0,,http://i2.hdslb.com/bfs/face/7e8cf0a321f81550a1e72ac8880fc74dbd65e48d.jpg,5,ç”·,æ²¡æœ‰æƒ…æ„Ÿæ”¯æ’‘çš„Videoå¾ˆå®¹æ˜“å°±ä¼šæ¶ˆæ•£,æ‘„å½±å¸ˆSzZ,12403558,842473459,åŽŸè¯„è®º
åˆšä¹°çš„wbs,,0,0,,http://i1.hdslb.com/bfs/face/d73a08fdf33dbb670b74a62ae16d393eceaed057.jpg,3,ä¿å¯†,å…¨ç½‘æœ€è¯¦ç»†å¤§å°å§æ•™å­¦,èµ›å£æ°”è´¨èˆžçŽ‹,123416625,842473459,åŽŸè¯„è®º
å˜å½¢é‡‘åˆšä¼¼çš„å„ç§è½¬æ¢æ–¹å¼ã€Šæˆ‘,phone,0,0,,http://i2.hdslb.com/bfs/face/720b4713800c6a6ab146283e35dec36e83406f02.jpg,5,ä¿å¯†,,UNIEREA,55879004,842473459,åŽŸè¯„è®º
"å¤§å§œçš„å…¬å…³æ˜¯çœŸç”¨åŠŸ, å‡ ä¸ªå…³æ³¨çš„upåŒæ—¶ä¸Šä¼ äº†ä¸Šæ‰‹å®žæ‹...",,0,0,,http://i2.hdslb.com/bfs/face/bc4136ef814f4b73ddb1a235b4ecdf31802db1d3.jpg,4,ç”·,æ‘„å½±~æ‘„åƒ~èˆªæ‹~å»¶æ—¶~å‰ªè¾‘~è°ƒè‰²  æ ·æ ·ä¸ç²¾..,Iytoa2899,268853216,842473459,åŽŸè¯„è®º
[å¤§å“­]å¥½å®¶ä¼™ï¼Œä½†æ˜¯å•ååŠ äº‘å°ï¼Œä¸¾ä¸åŠ¨,phone,0,0,,http://i2.hdslb.com/bfs/face/fb2884d934207289a8d3853068d42222264bd2b5.jpg,5,ä¿å¯†,,ä»Šå¤©æƒ³åƒé±¼å•Š,24762552,842473459,åŽŸè¯„è®º
RSCçš„è½´è‡‚æœ‰ç”¨ä¸Šç¢³é’Žç»´å—ï¼Ÿï¼Ÿ,,0,1,,http://i2.hdslb.com/bfs/face/391748e2cec551b1789884f51287291a69f5cacb.jpg,4,ç”·,"Do the right thing,be a right man.",ReturnO-O,286607831,842473459,åŽŸè¯„è®º
åªæœ‰rs2æœ‰,phone,0,0,,http://i0.hdslb.com/bfs/face/123b7d0f4719fa8326b06f423dd4e53606944346.jpg,4,ä¿å¯†,æˆ‘å°±æ˜¯æˆ‘ï¼Œä¸ä¸€æ ·çš„äºŒè¸¢è„šï¼,ä¸œç›ç‘°å®,384356535,842473459,åŽŸè¯„è®º
è¶…çº§å¢žç¨³çš„ç®—æ³•ä¼šä¸‹æ”¾å›ºä»¶ä¹ˆ,,0,0,,http://i1.hdslb.com/bfs/face/899bffa757f916f564c7527598a204466cd06d89.jpg,4,ç”·,ä½›ç³»çº¦ç‰‡ï¼Œéšç¼˜è¿”å›¾,é©¬é‡Œç“œçš®å¥¥,43886743,842473459,åŽŸè¯„è®º
æˆ‘çš„scå¸¦ä¸åŠ¨é•œå¤´å¾ˆè›‹ç–¼æƒ³å“­[å¦™å•Š],,0,0,,http://i1.hdslb.com/bfs/face/f5c54f9ee2e89b5654bfb92b21e8d7bd970feda6.jpg,5,ä¿å¯†,,è–›å®šè°”æžæ­»äº†ä¸€åªçŒ«,219642749,842473459,åŽŸè¯„è®º
ä¹°äº†[doge],phone,0,0,,http://i1.hdslb.com/bfs/face/2c0f809c078eb1ebb06531b655908e2be17e78af.jpg,5,ç”·,"å–œæ¬¢ITXçš„æ‘„å½±å¸ˆï¼Œèˆªæ‹æ‰‹
ä¸šåŠ¡è”ç³»WXï¼š13556906066
ä¸­å¤§æ–°åŽ18çº§
#ç”µè„‘#æ‘„å½±#æž—è·ç¦»
ä¼é¹…ç¾¤ï¼š1125506416",Anderã®è£…æœºå®žéªŒå®¤,13161902,842473459,åŽŸè¯„è®º
å¤§ç–†ä»€ä¹ˆæ—¶å€™æŠŠç›¸æœºä¹Ÿæ¢æˆè‡ªå·±çš„ï¼Ÿ,phone,0,0,,http://i0.hdslb.com/bfs/face/member/noface.jpg,5,ä¿å¯†,,dwejhoid,3818719,842473459,åŽŸè¯„è®º
é‚£ä¹ˆï¼Œç´¢å°¼åˆ°åº•æœ‰æ²¡æœ‰æ”¯æŒè·Ÿç„¦äº†å‘¢,,0,0,,http://i1.hdslb.com/bfs/face/2a83635f8d660f5efb38810d5b165f3b02601fdf.jpg,3,ä¿å¯†,æŠ•ç¨¿è§†é¢‘å…¶å®žåªæ˜¯æŠŠè¿™é‡Œå½“åšä¿å­˜è®°å¿†çš„åœ°æ–¹,wan2der,481348220,842473459,åŽŸè¯„è®º
å¤§ç–†NB,,0,0,,http://i0.hdslb.com/bfs/face/5242dd67bd5ceda36ad0994a4ece07195d226ede.jpg,4,ä¿å¯†,ç”Ÿæ´»å¾ˆå¥½ï¼Œè®°å¾—å¾®ç¬‘ã€‚,Memory_cherry,385371080,842473459,åŽŸè¯„è®º
çœ‹åˆ°SC2æ˜¯å°å±å¹•ä¸æƒ³ä¹°ï¼ŒS2åˆç”¨ä¸åˆ°é‚£ä¹ˆå¤§è½½é‡è€Œä¸”æœ‰ç‚¹è´µï¼Œè€Œä¸”ä¸å–œæ¬¢SC2çš„æŠ˜å è®¾è®¡ðŸ˜”,,0,0,,http://i0.hdslb.com/bfs/face/f17dcac2420a1b2271409ac24369f1c1009c9273.jpg,5,ç”·,å–œæ¬¢æ±‰æœå’Œæ‘„å½±çš„å°å“¥å“¥ï¼Œæœ€è¿‘å­¦ä¹ ç”¨ç¨³å®šå™¨åŠ å•åå½•è§†é¢‘ã€‚æœ‰éœ€è¦å½•æ±‰æœèˆžè¹ˆçš„å°å§å§å¯ä»¥ç§ä¿¡æˆ‘ï¼Œåœ¨éƒ‘å·žæˆ–æ´›é˜³çš„coserå¯ä»¥æ‰¾æˆ‘æ‹ç…§ï¼Œè®°æå‰çº¦æ—¶é—´,æºªæ¢¦é›…,269855188,842473459,åŽŸè¯„è®º
æžœç„¶ï¼Œå¤§ç–†åˆ›æ–°,phone,0,0,,http://i0.hdslb.com/bfs/face/567a4fd2dbc117416868a6ef605214ed2d18a0b5.jpg,3,ä¿å¯†,ä¸€æ­¥ä¸‰å¡ï¼Œå¡çš„æ½‡æ´’,æˆ‘æ¯”è¾ƒå¡,239124796,842473459,åŽŸè¯„è®º
å¥½å®¶ä¼™ï¼Œå¥½å¼ºåŠ¿[æ”¯æŒ],,0,0,,http://i2.hdslb.com/bfs/face/a7dab494748971952ee05e8810037e9fa80c449c.jpg,3,ä¿å¯†,,å¥¶èŒ¶å‘³çš„ç”Ÿæ´»,384217963,842473459,åŽŸè¯„è®º
èƒ½ä¸èƒ½è¯´æ˜Žä¸€ä¸‹èƒ½ä¸èƒ½ç½®æ¢ï¼Ÿ,,0,0,,http://i2.hdslb.com/bfs/face/5d22d0cdf7452d2c4c3fbbe09360f3310b27d7d7.jpg,5,ç”·,å­¦è‡ªå·±æƒ³åšçš„çš„ç¾Žé£Ÿ~,æ¬£æœˆä¹‹è“,4084713,842473459,åŽŸè¯„è®º
å¤§ç–†ç‰›é€¼ï¼Œå¼•é¢†è§†é¢‘å‘¨è¾¹è¡Œä¸šæ–°æœªæ¥ã€‚,,0,0,,http://i2.hdslb.com/bfs/face/fb45c9204061ddd22e75ea94372a87086308409b.jpg,3,ç”·,åœ¨æ·±åœ³çš„èŒä¸šè‡ªç”±æ‘„å½±å¸ˆâ€¦â€¦,æ±Ÿå—ç¤¾æ°å°‘,472696399,842473459,åŽŸè¯„è®º
å¤§ç–†ç‰›é€¼ï¼,,0,0,,http://i1.hdslb.com/bfs/face/50c2a7afc13ffeeec52f0214a980fb73167a8b43.jpg,5,ç”·,"è¿™é‡Œæ˜¯ä¸€åªä»€ä¹ˆéƒ½åšçš„åˆæ­»æ‡’çš„éžæ´²å’¸é±¼*<(Â¦Qå‘¼å‘¼å‘¼ã€‚ã€‚ã€‚ã€‚ï»¿


ç²‰ä¸2åƒæˆ–è€…å•ä¸ªè§†é¢‘15å¤©ä¹‹å†…æ’­æ”¾é‡10ä¸‡å‘å¥³è£…_(:Ð·ã€âˆ )_",å’¸é±¼çš„å…³å…³,252974698,842473459,åŽŸè¯„è®º
æ–¯å¦å°¼åº·ï¼Ÿ,,0,0,,http://i1.hdslb.com/bfs/face/5684a1cca895e82d561fcb4958f9dfb3986c6820.jpg,5,ç”·,,çŒ›è›®ä¸¸v,11513135,842473459,åŽŸè¯„è®º
å·²ä¹°,,0,0,,http://i1.hdslb.com/bfs/face/4f27c8d949be92f3b119e1302624d470bc7f3c4b.jpg,5,ä¿å¯†,éªšå¹´ï¼Œè¦é‡æ–°åšäººå—ï¼Ÿ,æ¼ ç®€æºª,3345519,842473459,åŽŸè¯„è®º
æˆ‘é ï¼é¦™ç‚¸äº†,,0,0,,http://i2.hdslb.com/bfs/face/ee2b6ed3d8633c0111a9b1635c011f24abed0ca8.jpg,4,ä¿å¯†,åˆ†äº«ç”Ÿæ´»ï¼Œåˆ†äº«ç¾Žå¥½ã€‚wb : åŠå¦†æ‘„å½±,åŠå¦†æ‘„å½±,28022029,842473459,åŽŸè¯„è®º
æ‰‹é‡Œçš„scçªç„¶å°±ä¸é¦™äº†[å¤§å“­],phone,0,0,,http://i1.hdslb.com/bfs/face/5c06b864e0509bff27ac69ff313d37f441369813.jpg,5,ä¿å¯†,,æ…•å°¼é»‘ç™½,3176599,842473459,åŽŸè¯„è®º
èƒ½åƒæ™ºäº‘ä¸€æ ·æžä¸ªå›žæ”¶ç¨³å®šå™¨å—?[doge],,0,0,,http://i0.hdslb.com/bfs/face/member/noface.jpg,5,ä¿å¯†,,æ˜µç§°æŠ¢ä¸åˆ°å“¦,43299329,842473459,åŽŸè¯„è®º
è¿˜è¯´è‡ªå·±ä¸æ˜¯å†›å·¥åŽ‚,phone,0,2,,http://i0.hdslb.com/bfs/face/265696bfd0f7889364dc9292db5fa192d2e46a99.jpg,5,ç”·,æ— ä¸€æ˜¯ä½ ï¼Œæ— ä¸€ä¸æ˜¯ä½ ,èµµå°è¥¿æ‰¾ä¸åˆ°è¥¿,39313353,842473459,åŽŸè¯„è®º
å›žå¤ @ç”µå­ä¼ é€’é“¾æ²¡æœ‰ç”µå­ :å¼€çŽ©ç¬‘çš„è¯´è¾žï¼Œå†›æ–¹æ— äººæœºåŸºæœ¬ç”¨å¤§ç–†ï¼Œè€Œä¸”è¿˜å¯ä»¥å‚ä¸Žä½œæˆ˜,phone,0,0,,http://i0.hdslb.com/bfs/face/265696bfd0f7889364dc9292db5fa192d2e46a99.jpg,5,ç”·,æ— ä¸€æ˜¯ä½ ï¼Œæ— ä¸€ä¸æ˜¯ä½ ,èµµå°è¥¿æ‰¾ä¸åˆ°è¥¿,39313353,842473459,åŽŸè¯„è®º
ï¼Ÿï¼Ÿï¼Ÿè¿™å’Œå†›å·¥æœ‰ä»€ä¹ˆå…³ç³»[çƒ­è¯ç³»åˆ—_çŸ¥è¯†å¢žåŠ ],phone,0,0,,http://i0.hdslb.com/bfs/face/0caa1ed9fe79f90c9b502de9f98631b8622ec4db.jpg,5,ä¿å¯†,æ‰€æœ‰çš„é—®é¢˜éƒ½æ˜¯ç»æµŽé—®é¢˜ã€‚,ç”µå­ä¼ é€’é“¾æ²¡æœ‰ç”µå­,88272766,842473459,åŽŸè¯„è®º
å•Šå•Šå•Šï¼Œçˆ±äº†çˆ±äº†,phone,0,0,,http://i2.hdslb.com/bfs/face/9257add4fc9aedded24dbc8c47e8fed4c6b26cb0.jpg,3,å¥³,å“ˆå˜¿ï¼Œçˆ±å¥½æ‘„å½±å’Œç¾Žé£Ÿ,å°èä¸€ä¸€é›ªæ‰¬,412352466,842473459,åŽŸè¯„è®º
åœ¨æˆ‘ä»¬ç¾¤é‡Œè½¬å‘äº†ä¸€ä¸‹å¤§å®¶éƒ½éœ‡æ’¼äº†,,0,0,,http://i2.hdslb.com/bfs/face/911a36c99c4b3c527fa3658e8b19d90819d0e0b7.jpg,3,ä¿å¯†,,é’›å¸ç†Š,588827054,842473459,åŽŸè¯„è®º
åç­‰pocketäºŒä»£,,0,0,,http://i2.hdslb.com/bfs/face/ce84f44a1b964a9a2e78326f74ba7c359d4bcb19.jpg,5,ç”·,ä¸€ä¸ªäººæ‹¥æœ‰ä¸€ä¸ªæ¢¦æƒ³ï¼Œå°±æœ‰ä¸€ä¸ªç†ç”±é€‰æ‹©åšå¼ºï¼Œå¿ƒè‹¥æ²¡æœ‰æ –æ¯çš„åœ°æ–¹ï¼Œåˆ°å“ªé‡Œéƒ½æ˜¯åœ¨æµæµªâ€¦â€¦,è€å¸ˆå¥½æˆ‘æ˜¯å°é©¬,36027367,842473459,åŽŸè¯„è®º
å¦‚å½±Sç½®æ¢ æˆ–è€…å‡çº§ä¹Ÿè¡Œ[å‘²ç‰™] å¦‚å½±Så¤ªé‡äº†,phone,0,0,,http://i2.hdslb.com/bfs/face/63c8510802d30e4edc235ec7bb1d67ffcc4cdce9.jpg,3,ç”·,"ï¼ˆå¯çˆ±å°å¸…å“¥ä¸€ä½ï¼‰
                                      ï¼ˆæ„Ÿè°¢å“”å“©å“”å“©å®˜æ–¹æä¾›çš„å¹³å°ï¼‰
   
",å‡Œå®¶æœ«,232475035,842473459,åŽŸè¯„è®º
åœ¨ï¼Ÿä»€ä¹ˆæ—¶å€™æŠ½ä¸€ä¸ªï¼Ÿ,,0,0,,http://i1.hdslb.com/bfs/face/1df0921c125a579f4b9361696278f635d9be3ab3.jpg,4,ç”·,"QQç¾¤ï¼š961670893 
ä»Žå¤´å†æ¥.",WTF_æ‹½é¹¿å…ˆæ£®_,249075678,842473459,åŽŸè¯„è®º
åˆæƒ³æ¦¨å¹²æˆ‘çš„é’±åŒ…[ç¬‘å“­],,0,0,,http://i2.hdslb.com/bfs/face/7a93dfc84e1ff881c6be28cbafd131c5ad797944.jpg,5,ç”·,2021å¹´è¦é«˜è€ƒï¼Œåœæ›´ä¸€å¹´å–½ï½žå˜»å˜»ï½ž,Hello-æ¥ æž«,148231122,842473459,åŽŸè¯„è®º
æˆ‘å°±æƒ³çŸ¥é“RSC2æ˜¯å¦æ”¯æŒSCç½®æ¢,,0,0,,http://i0.hdslb.com/bfs/face/5d22d0cdf7452d2c4c3fbbe09360f3310b27d7d7.jpg,5,ç”·,å­¦è‡ªå·±æƒ³åšçš„çš„ç¾Žé£Ÿ~,æ¬£æœˆä¹‹è“,4084713,842473459,åŽŸè¯„è®º
scå¯ä»¥ä»¥æ—§æ¢æ–°å—[é…¸äº†],,0,0,,http://i2.hdslb.com/bfs/face/2a5862274989d1ba31f6a65d0ca58a01edca89b5.jpg,3,ç”·,"æ–°äººup,è¯·å¤§å®¶å¤šå¤šå…³æ³¨ã€‚",Van-TV,278090488,842473459,åŽŸè¯„è®º
æ±‚æ±‚ä½ äº†ç»™åˆ«å®¶ç•™æ¡æ´»è·¯å§2333333333,,0,0,,http://i0.hdslb.com/bfs/face/949e015f661f251ca259b6e83533708976c670fa.jpg,6,ç”·,å…¨ç½‘åŒåkimoæ¡‘_(:Ð·ã‚âˆ )_WeChatï¼škimomomo ,Kimoæ¡‘,14079696,842473459,åŽŸè¯„è®º
å„ç§æ•´åˆï¼Œé›†å¾ˆå¤šå“ç‰Œçš„ç¨³å®šå™¨ç‰¹ç‚¹äºŽä¸€èº«ã€‚ä¸æ»¡æ„çš„æœ‰ä¸¤ç‚¹ï¼Œæ²¡è§¦æ‘¸å±ï¼Œæ¨¡å¼åˆ‡æ¢è¿˜æ˜¯è€å¼çš„å¤šå‡»åˆ‡æ¢,,0,0,,http://i2.hdslb.com/bfs/face/4afffbab10d9db40ea8e676e93d40869f1c6d69e.jpg,5,ä¿å¯†,,é’å¤´é˜¿ç”˜,9607284,842473459,åŽŸè¯„è®º
æ‰‹é‡Œçš„scçªç„¶ä¸é¦™äº†[ç–‘æƒ‘],,0,0,,http://i2.hdslb.com/bfs/face/f205d158f033f5cd33a25e3acf8ebd5c624846d9.jpg,3,ç”·,,æœˆå°æç´,516400146,842473459,åŽŸè¯„è®º
ç‰‡é‡Œç»ˆäºŽæ­ä½³èƒ½çš„è®¾å¤‡äº†ï¼Œä»¥å‰æ­è¿‡ç´¢å°¼,,0,0,,http://i1.hdslb.com/bfs/face/af70e9444b067c400421c54aa25b896c29b17b8b.jpg,4,ä¿å¯†,,èƒ¡æ¤’èƒ½,403809193,842473459,åŽŸè¯„è®º
ä¹°ä¹°ä¹°,,0,0,,http://i0.hdslb.com/bfs/face/f139cc25027d719d989721abbca5c839f2555b14.jpg,5,ç”·,å•†ç‰‡åˆä½œè¯·ç§ä¿¡,Quinnä¸å›°,222844484,842473459,åŽŸè¯„è®º
djiï¼Œyesï¼,,0,0,,http://i2.hdslb.com/bfs/face/a145355e2aee7d0dc46363711397f7358d482658.jpg,6,ç”·,é‡åº¦â‘¨åŽ¨çš„å·¥ç§‘ç‹—ã€‚è‡ªå­¦ç”»ç”»ä¸­â€¦â€¦,é›¾ä¹‹æ¹–çš„å°çƒ,5761044,842473459,åŽŸè¯„è®º
å¤ªé¦™äº†ï¼Œå¥½çº ç»“æ˜¯ä¸€ä»£è¿˜æ˜¯å…¥äºŒä»£å•Š[æ‰“call],pad,0,0,,http://i1.hdslb.com/bfs/face/f6964b134c0db1a823115a0c0c84a5e5cda93542.jpg,6,ç”·,CPï¼šå¢¨é¦™èŠè¯/çº¢è‰²ç»„/æˆ‘æ°¸è¿œå–œæ¬¢CPer!!!/æ‘¸é±¼è´¦å·@å›žå¿†å¤œæ²³çš„çº¢è‰² /ç›®å‰å¢™å¤´ï¼šAPH.æ €å­.V+.èˆŸæ¸¸.å´©ä¸‰,ä¸åšdeadlineæˆ˜å£«,12948617,842473459,åŽŸè¯„è®º
ä½ æˆ‘2000,,0,0,,http://i2.hdslb.com/bfs/face/dfd597563d96e2b7f59613952ca70c8c085ad785.jpg,5,ä¿å¯†,ä¸€åˆ‡éƒ½æ˜¯æœ€å¥½çš„å®‰æŽ’,å•Šè¿Ÿè¿Ÿè¿Ÿ,12401376,842473459,åŽŸè¯„è®º
ä¸å¥½æ„æ€ æˆ‘è¿Ÿåˆ°äº†,phone,0,0,,http://i2.hdslb.com/bfs/face/a0bd2dbeea873453295d3efcb2a0c0e1c84ab287.jpg,4,ä¿å¯†,,è®¸å°è¥¿å‘€,109066473,842473459,åŽŸè¯„è®º
ä½³èƒ½ æˆæœ€å¤§èµ¢å®¶[doge],,0,0,,http://i2.hdslb.com/bfs/face/5398033ea682690438bce3f1f3030fcd39dbe3f4.jpg,5,ç”·,Mental calm helps you cool down naturally ï¼,Abraham_YU,21211746,842473459,åŽŸè¯„è®º
DJI YESï¼,,0,0,,http://i1.hdslb.com/bfs/face/c7e023cf4927b130b5f1c8b67887409acd7636f8.jpg,5,ç”·,æ²‰è¿·æŠ½å¥–ä¸­,ç››ç™¾å‡¡,14064125,842473459,åŽŸè¯„è®º
è¯„è®ºåŒºæŠ½ä¸€å°ï¼Ÿ[è°ƒçš®][è°ƒçš®][è°ƒçš®],,0,0,,http://i0.hdslb.com/bfs/face/member/noface.jpg,4,ä¿å¯†,,éº¦é£Žé£Ž,357081309,842473459,åŽŸè¯„è®º
